exp,index,ell,stat,val,sampler
0,1,3,1,-9.542863467975411e-5,SZZ
0,1,3,2,0.6419011352139848,SZZ
0,2,3,1,-0.0002309663201396227,SZZ
0,2,3,2,0.7007546060423298,SZZ
0,3,3,1,0.00018893649689612395,SZZ
0,3,3,2,0.7160227281874569,SZZ
0,4,3,1,-7.433519608949871e-5,SZZ
0,4,3,2,0.7216287730358708,SZZ
0,5,3,1,-5.301626670905886e-5,SZZ
0,5,3,2,0.7213567708598507,SZZ
0,6,3,1,9.047334577720612e-5,SZZ
0,6,3,2,0.7227037816359502,SZZ
0,7,3,1,-7.948763370168854e-5,SZZ
0,7,3,2,0.7221837774759118,SZZ
0,8,3,1,0.0002448146537250569,SZZ
0,8,3,2,0.7217017736198762,SZZ
0,9,3,1,-7.754128500875907e-5,SZZ
0,9,3,2,0.7224007792119278,SZZ
0,10,3,1,-7.810145795196533e-5,SZZ
0,10,3,2,0.7228117824999581,SZZ
0,11,3,1,8.99942847758781e-5,SZZ
0,11,3,2,0.7223517788199242,SZZ
0,12,3,1,9.641858001659288e-5,SZZ
0,12,3,2,0.7224487795959313,SZZ
0,13,3,1,0.0004880252987328527,SZZ
0,13,3,2,0.7222077776679136,SZZ
0,14,3,1,0.0002428417398919516,SZZ
0,14,3,2,0.7219647757238956,SZZ
0,15,3,1,0.00021893376313650872,SZZ
0,15,3,2,0.7217557740518802,SZZ
0,16,3,1,0.000164255703079304,SZZ
0,16,3,2,0.7229767838199703,SZZ
0,17,3,1,0.00018391136125433673,SZZ
0,17,3,2,0.7221797774439115,SZZ
0,18,3,1,0.00019431133432363734,SZZ
0,18,3,2,0.7228617828999618,SZZ
0,19,3,1,-0.0002971578686403105,SZZ
0,19,3,2,0.7226697813639477,SZZ
0,20,3,1,0.0001735057742028196,SZZ
0,20,3,2,0.7224797798439336,SZZ
0,21,3,1,0.00029870311404024365,SZZ
0,21,3,2,0.7227457819719533,SZZ
0,22,3,1,0.0001626276547830554,SZZ
0,22,3,2,0.7232487859959904,SZZ
0,23,3,1,-0.00034163364729815354,SZZ
0,23,3,2,0.722051776419902,SZZ
0,24,3,1,-0.00012449880384969282,SZZ
0,24,3,2,0.7220117760998991,SZZ
0,25,3,1,-0.0001413562784525456,SZZ
0,25,3,2,0.7224327794679302,SZZ
0,26,3,1,-0.00025923533744905147,SZZ
0,26,3,2,0.722281778259919,SZZ
0,27,3,1,0.0004246489604083794,SZZ
0,27,3,2,0.722362778907925,SZZ
0,28,3,1,-3.6542720499655804e-5,SZZ
0,28,3,2,0.7224147793239288,SZZ
0,29,3,1,0.00018891809479940717,SZZ
0,29,3,2,0.7230307842519743,SZZ
0,30,3,1,0.00015039347407656871,SZZ
0,30,3,2,0.7225997808039425,SZZ
0,31,3,1,-5.074624350031802e-5,SZZ
0,31,3,2,0.7223597788839248,SZZ
0,32,3,1,0.00028964672803797264,SZZ
0,32,3,2,0.7224417795399308,SZZ
0,33,3,1,-0.0003104182939049583,SZZ
0,33,3,2,0.7218897751238901,SZZ
0,34,3,1,7.634924633882806e-5,SZZ
0,34,3,2,0.7215727725878667,SZZ
0,35,3,1,7.693693400446807e-5,SZZ
0,35,3,2,0.7227817822599559,SZZ
0,36,3,1,0.0003312151029509711,SZZ
0,36,3,2,0.7221767774199113,SZZ
0,37,3,1,0.000556270702949388,SZZ
0,37,3,2,0.7206857654918012,SZZ
0,38,3,1,-0.00019839627201050574,SZZ
0,38,3,2,0.7166957335715066,SZZ
0,39,3,1,-0.0003642424450425084,SZZ
0,39,3,2,0.7007486059943293,SZZ
0,40,3,1,-2.7910534769787838e-5,SZZ
0,40,3,2,0.6421561372540037,SZZ
0,41,3,1,15.669428854983682,SZZ
0,41,3,2,0.0,SZZ
0,42,3,1,12.826194795618017,SZZ
0,42,3,2,0.0,SZZ
0,43,3,1,10.13787341474485,SZZ
0,43,3,2,0.0,SZZ
0,44,3,1,7.633111468656016,SZZ
0,44,3,2,4.700037600300804e-5,SZZ
0,45,3,1,5.337707321683495,SZZ
0,45,3,2,0.004594036752293973,SZZ
0,46,3,1,3.279713320984763,SZZ
0,46,3,2,0.05906647253184779,SZZ
0,47,3,1,1.4968261733154657,SZZ
0,47,3,2,0.15704925639419026,SZZ
0,48,3,1,0.015163287008080477,SZZ
0,48,3,2,0.1861074888603355,SZZ
0,49,3,1,-1.1197626934203297,SZZ
0,49,3,2,0.2590800726417228,SZZ
0,50,3,1,-1.8750994208904899,SZZ
0,50,3,2,0.3068944551572527,SZZ
0,51,3,1,-2.354829170728449,SZZ
0,51,3,2,0.3052494419971313,SZZ
0,52,3,1,-2.6409424521744747,SZZ
0,52,3,2,0.29791038328458946,SZZ
0,53,3,1,-2.7597801769317774,SZZ
0,53,3,2,0.2956193649564203,SZZ
0,54,3,1,-2.7243320122273498,SZZ
0,54,3,2,0.2995243961967086,SZZ
0,55,3,1,-2.5525212905558305,SZZ
0,55,3,2,0.3081094648773424,SZZ
0,56,3,1,-2.2628629648110086,SZZ
0,56,3,2,0.32177557420635133,SZZ
0,57,3,1,-1.8777209218415805,SZZ
0,57,3,2,0.33882971063961037,SZZ
0,58,3,1,-1.416129050467461,SZZ
0,58,3,2,0.35658085264892087,SZZ
0,59,3,1,-0.8881290663546296,SZZ
0,59,3,2,0.3703349626819363,SZZ
0,60,3,1,-0.30854328466422365,SZZ
0,60,3,2,0.37729701837845026,SZZ
0,61,3,1,0.2910070238642179,SZZ
0,61,3,2,0.3784690277545368,SZZ
0,62,3,1,0.8684054384253136,SZZ
0,62,3,2,0.3731949855621474,SZZ
0,63,3,1,1.3920403021759236,SZZ
0,63,3,2,0.3609158873292409,SZZ
0,64,3,1,1.8489317734485473,SZZ
0,64,3,2,0.34335474683994444,SZZ
0,65,3,1,2.229855347702711,SZZ
0,65,3,2,0.3258336066706509,SZZ
0,66,3,1,2.5169221691856296,SZZ
0,66,3,2,0.31245949967766357,SZZ
0,67,3,1,2.687953689945434,SZZ
0,67,3,2,0.30341342730899573,SZZ
0,68,3,1,2.7225881598500266,SZZ
0,68,3,2,0.29874038992465074,SZZ
0,69,3,1,2.605457076542433,SZZ
0,69,3,2,0.3015014120128546,SZZ
0,70,3,1,2.3222358048881295,SZZ
0,70,3,2,0.3096464771734559,SZZ
0,71,3,1,1.8459119923844958,SZZ
0,71,3,2,0.3108954871655481,SZZ
0,72,3,1,1.0947917264148572,SZZ
0,72,3,2,0.2625551004419793,SZZ
0,73,3,1,-0.03633562398882367,SZZ
0,73,3,2,0.1874564996524351,SZZ
0,74,3,1,-1.517554252950126,SZZ
0,74,3,2,0.15265722125786602,SZZ
0,75,3,1,-3.29832159716717,SZZ
0,75,3,2,0.059247473979859896,SZZ
0,76,3,1,-5.356809181741572,SZZ
0,76,3,2,0.00459803678429423,SZZ
0,77,3,1,-7.652229393228671,SZZ
0,77,3,2,5.400043200345604e-5,SZZ
0,78,3,1,-10.157594519826263,SZZ
0,78,3,2,0.0,SZZ
0,79,3,1,-12.845152079973783,SZZ
0,79,3,2,0.0,SZZ
0,80,3,1,-15.688166766006221,SZZ
0,80,3,2,0.0,SZZ
0,81,3,1,-2.025026043361519e-5,SZZ
0,81,3,2,0.6419611356939893,SZZ
0,82,3,1,-0.00013656836003415797,SZZ
0,82,3,2,0.7014396115223803,SZZ
0,83,3,1,0.00020395264354915567,SZZ
0,83,3,2,0.716795734371514,SZZ
0,84,3,1,0.00036502826523568383,SZZ
0,84,3,2,0.7209907679318237,SZZ
0,85,3,1,0.00016850760311000473,SZZ
0,85,3,2,0.7212377699078419,SZZ
0,86,3,1,1.2167272733760495e-6,SZZ
0,86,3,2,0.7228717829799626,SZZ
0,87,3,1,-9.025879956026523e-5,SZZ
0,87,3,2,0.7225637805159398,SZZ
0,88,3,1,-5.8193915359197873e-5,SZZ
0,88,3,2,0.7227067816599504,SZZ
0,89,3,1,2.451673510008329e-5,SZZ
0,89,3,2,0.7222717781799183,SZZ
0,90,3,1,0.0005259676670276641,SZZ
0,90,3,2,0.7224547796439318,SZZ
0,91,3,1,-1.0153755473014209e-5,SZZ
0,91,3,2,0.7225327802679375,SZZ
0,92,3,1,-1.2263531803019628e-5,SZZ
0,92,3,2,0.7221567772599098,SZZ
0,93,3,1,8.47820481952925e-5,SZZ
0,93,3,2,0.7222337778759155,SZZ
0,94,3,1,-0.0002469838805337691,SZZ
0,94,3,2,0.7228807830519632,SZZ
0,95,3,1,-0.00033039100839932266,SZZ
0,95,3,2,0.7224947799639347,SZZ
0,96,3,1,-0.0005344023626664999,SZZ
0,96,3,2,0.7224177793479291,SZZ
0,97,3,1,2.821811887660495e-5,SZZ
0,97,3,2,0.723391787140001,SZZ
0,98,3,1,-0.00018993168566321103,SZZ
0,98,3,2,0.7230967847799792,SZZ
0,99,3,1,0.00023820551573787985,SZZ
0,99,3,2,0.7228257826119592,SZZ
0,100,3,1,0.00010306732596466655,SZZ
0,100,3,2,0.7226677813479475,SZZ
0,101,3,1,2.8653803637887043e-5,SZZ
0,101,3,2,0.7221857774919119,SZZ
0,102,3,1,0.0004172254579911835,SZZ
0,102,3,2,0.721996775979898,SZZ
0,103,3,1,-4.2723421048755503e-5,SZZ
0,103,3,2,0.7218317746598858,SZZ
0,104,3,1,0.0001529146557718616,SZZ
0,104,3,2,0.7233807870520002,SZZ
0,105,3,1,-0.0003869849874866296,SZZ
0,105,3,2,0.7223407787319234,SZZ
0,106,3,1,-0.0002653005787647872,SZZ
0,106,3,2,0.7233137865159952,SZZ
0,107,3,1,-0.0002268142829265793,SZZ
0,107,3,2,0.7235587884760133,SZZ
0,108,3,1,0.0001911509664324447,SZZ
0,108,3,2,0.7226397811239454,SZZ
0,109,3,1,0.00018600220982270432,SZZ
0,109,3,2,0.7228817830599633,SZZ
0,110,3,1,0.0002429470523349249,SZZ
0,110,3,2,0.7221967775799127,SZZ
0,111,3,1,-0.0004003414925836919,SZZ
0,111,3,2,0.7233037864359945,SZZ
0,112,3,1,-0.0002297894041750112,SZZ
0,112,3,2,0.7227227817879516,SZZ
0,113,3,1,0.00022090597095913525,SZZ
0,113,3,2,0.7227947823639569,SZZ
0,114,3,1,-1.2786308993017486e-6,SZZ
0,114,3,2,0.7227207817719514,SZZ
0,115,3,1,0.000403582791397556,SZZ
0,115,3,2,0.7215477723878648,SZZ
0,116,3,1,-0.000771158468003266,SZZ
0,116,3,2,0.7216237729958704,SZZ
0,117,3,1,-3.4049438538471174e-5,SZZ
0,117,3,2,0.7211717693798371,SZZ
0,118,3,1,7.031357309224428e-5,SZZ
0,118,3,2,0.7160197281634567,SZZ
0,119,3,1,-0.00011278593798311342,SZZ
0,119,3,2,0.7001526012262853,SZZ
0,120,3,1,0.0006220288712540195,SZZ
0,120,3,2,0.6410201281659198,SZZ
0,1,5,1,0.00031854964268831327,SZZ
0,1,5,2,0.7895013160168816,SZZ
0,2,5,1,0.00011210918149831264,SZZ
0,2,5,2,0.8349886799162397,SZZ
0,3,5,1,-1.7239041261675472e-6,SZZ
0,3,5,2,0.8418797350447484,SZZ
0,4,5,1,0.00013275533567641158,SZZ
0,4,5,2,0.8428027424288166,SZZ
0,5,5,1,0.0001446102733121671,SZZ
0,5,5,2,0.8436517492208793,SZZ
0,6,5,1,2.35965615060405e-5,SZZ
0,6,5,2,0.8423897391247861,SZZ
0,7,5,1,6.0968850016267e-5,SZZ
0,7,5,2,0.8433167465408545,SZZ
0,8,5,1,2.7945821894302742e-5,SZZ
0,8,5,2,0.8433557468528574,SZZ
0,9,5,1,-1.3047135947212337e-5,SZZ
0,9,5,2,0.843038744316834,SZZ
0,10,5,1,-7.450872882779053e-5,SZZ
0,10,5,2,0.843173745396844,SZZ
0,11,5,1,5.969030258888691e-5,SZZ
0,11,5,2,0.8441307530529146,SZZ
0,12,5,1,0.0001166857328622077,SZZ
0,12,5,2,0.8438437507568934,SZZ
0,13,5,1,8.600199634419005e-5,SZZ
0,13,5,2,0.8439897519249042,SZZ
0,14,5,1,0.00020832238292462063,SZZ
0,14,5,2,0.8433607468928578,SZZ
0,15,5,1,0.00012068279328656118,SZZ
0,15,5,2,0.8434787478368665,SZZ
0,16,5,1,-0.0004602736862641465,SZZ
0,16,5,2,0.8431167449408398,SZZ
0,17,5,1,-4.931322243810737e-5,SZZ
0,17,5,2,0.84366174930088,SZZ
0,18,5,1,5.5273227871796435e-5,SZZ
0,18,5,2,0.8427587420768133,SZZ
0,19,5,1,3.2046574764942446e-5,SZZ
0,19,5,2,0.8432527460288498,SZZ
0,20,5,1,-1.1945228513828311e-5,SZZ
0,20,5,2,0.8435817486608741,SZZ
0,21,5,1,0.0001630902574466134,SZZ
0,21,5,2,0.8439067512608981,SZZ
0,22,5,1,-7.87314259980482e-6,SZZ
0,22,5,2,0.8437937503568897,SZZ
0,23,5,1,-8.350374433597372e-5,SZZ
0,23,5,2,0.8429857438928301,SZZ
0,24,5,1,0.00011461092079055564,SZZ
0,24,5,2,0.8430827446688373,SZZ
0,25,5,1,-0.00011626965686112167,SZZ
0,25,5,2,0.8431757454128441,SZZ
0,26,5,1,0.0001686212059743626,SZZ
0,26,5,2,0.8434157473328618,SZZ
0,27,5,1,0.00014003889515637631,SZZ
0,27,5,2,0.8432837462768521,SZZ
0,28,5,1,0.000323022657089153,SZZ
0,28,5,2,0.8440567524609092,SZZ
0,29,5,1,-7.802442328888246e-5,SZZ
0,29,5,2,0.8439717517809029,SZZ
0,30,5,1,-5.33793547678188e-5,SZZ
0,30,5,2,0.8426787414368074,SZZ
0,31,5,1,-8.70415617732605e-5,SZZ
0,31,5,2,0.843715749732884,SZZ
0,32,5,1,-0.00014190451069114043,SZZ
0,32,5,2,0.8435197481648695,SZZ
0,33,5,1,0.00016793703131661242,SZZ
0,33,5,2,0.8439427515489007,SZZ
0,34,5,1,-2.6368302778012676e-5,SZZ
0,34,5,2,0.8438907511328969,SZZ
0,35,5,1,-0.00016143390125543709,SZZ
0,35,5,2,0.8432377459088487,SZZ
0,36,5,1,-8.383478350977317e-5,SZZ
0,36,5,2,0.8429597436848282,SZZ
0,37,5,1,5.0073596653534874e-5,SZZ
0,37,5,2,0.8430137441168322,SZZ
0,38,5,1,0.00024929473405445936,SZZ
0,38,5,2,0.8422907383327788,SZZ
0,39,5,1,0.00011949429327470222,SZZ
0,39,5,2,0.8349896799242398,SZZ
0,40,5,1,-0.00010241260167239128,SZZ
0,40,5,2,0.7887293098408246,SZZ
0,41,5,1,-0.00019581061691913555,SZZ
0,41,5,2,0.7894213153768757,SZZ
0,42,5,1,-0.00010122402846953109,SZZ
0,42,5,2,0.8355976847882847,SZZ
0,43,5,1,-0.0002808192793165818,SZZ
0,43,5,2,0.8419217353807515,SZZ
0,44,5,1,0.0001227080451070644,SZZ
0,44,5,2,0.8431147449248396,SZZ
0,45,5,1,-7.683691898004913e-5,SZZ
0,45,5,2,0.8435307482528703,SZZ
0,46,5,1,5.520827021412783e-5,SZZ
0,46,5,2,0.8436267490208774,SZZ
0,47,5,1,-9.444084990630432e-5,SZZ
0,47,5,2,0.8432607460928504,SZZ
0,48,5,1,0.00020919038043413067,SZZ
0,48,5,2,0.8433597468848577,SZZ
0,49,5,1,0.00012863364515306233,SZZ
0,49,5,2,0.8429127433088247,SZZ
0,50,5,1,-0.00021995609505577328,SZZ
0,50,5,2,0.8435927487488749,SZZ
0,51,5,1,-0.00017356109162901593,SZZ
0,51,5,2,0.8428227425888181,SZZ
0,52,5,1,-0.0001280736584903041,SZZ
0,52,5,2,0.8430717445808364,SZZ
0,53,5,1,-0.0001486576553410164,SZZ
0,53,5,2,0.8433317466608556,SZZ
0,54,5,1,-0.0004071272510679251,SZZ
0,54,5,2,0.8430817446608372,SZZ
0,55,5,1,7.837897537844433e-5,SZZ
0,55,5,2,0.843579748644874,SZZ
0,56,5,1,0.00018698040100788952,SZZ
0,56,5,2,0.8436417491408785,SZZ
0,57,5,1,-0.00047090252437036206,SZZ
0,57,5,2,0.8428507428128201,SZZ
0,58,5,1,-8.018896365440901e-7,SZZ
0,58,5,2,0.8431847454848448,SZZ
0,59,5,1,-0.00026522304981539685,SZZ
0,59,5,2,0.8431257450128404,SZZ
0,60,5,1,-2.2657811453764723e-5,SZZ
0,60,5,2,0.8434537476368646,SZZ
0,61,5,1,-0.00012936521125815978,SZZ
0,61,5,2,0.8436817494608815,SZZ
0,62,5,1,0.00028913252678220254,SZZ
0,62,5,2,0.8438587508768945,SZZ
0,63,5,1,-7.190315107033714e-5,SZZ
0,63,5,2,0.8431697453648437,SZZ
0,64,5,1,-7.51845285162581e-5,SZZ
0,64,5,2,0.8431647453248433,SZZ
0,65,5,1,-0.00011653871306117067,SZZ
0,65,5,2,0.8431827454688446,SZZ
0,66,5,1,0.0004808695142460842,SZZ
0,66,5,2,0.8441657533329172,SZZ
0,67,5,1,-0.00013879897371940375,SZZ
0,67,5,2,0.8434027472288609,SZZ
0,68,5,1,-5.384100151788346e-5,SZZ
0,68,5,2,0.843268746156851,SZZ
0,69,5,1,0.0002538950046274843,SZZ
0,69,5,2,0.8432857462928522,SZZ
0,70,5,1,0.00011787354126292005,SZZ
0,70,5,2,0.8430467443808346,SZZ
0,71,5,1,9.428746732283511e-6,SZZ
0,71,5,2,0.843634749084878,SZZ
0,72,5,1,-0.0002499376966250664,SZZ
0,72,5,2,0.8436567492608796,SZZ
0,73,5,1,0.00019736383525484108,SZZ
0,73,5,2,0.8435187481568694,SZZ
0,74,5,1,-0.0001259168671334997,SZZ
0,74,5,2,0.8431647453248433,SZZ
0,75,5,1,-0.00017595853906157677,SZZ
0,75,5,2,0.8423857390927858,SZZ
0,76,5,1,-4.62823131375914e-5,SZZ
0,76,5,2,0.8429657437328286,SZZ
0,77,5,1,-0.000273563376685426,SZZ
0,77,5,2,0.8431617453008431,SZZ
0,78,5,1,-5.762818289885572e-5,SZZ
0,78,5,2,0.8418397347247455,SZZ
0,79,5,1,0.00011838721929873632,SZZ
0,79,5,2,0.835019680164242,SZZ
0,80,5,1,-0.00011176102663263848,SZZ
0,80,5,2,0.7890883127128511,SZZ
0,81,5,1,16.423061387455963,SZZ
0,81,5,2,0.0,SZZ
0,82,5,1,13.587525817865062,SZZ
0,82,5,2,0.0,SZZ
0,83,5,1,10.915350823587062,SZZ
0,83,5,2,0.0,SZZ
0,84,5,1,8.433049428151403,SZZ
0,84,5,2,0.0,SZZ
0,85,5,1,6.1667511310384375,SZZ
0,85,5,2,7.700061600492806e-5,SZZ
0,86,5,1,4.144792736534969,SZZ
0,86,5,2,0.002027016216129767,SZZ
0,87,5,1,2.3909884209370764,SZZ
0,87,5,2,0.04769338154708708,SZZ
0,88,5,1,0.9919239762157613,SZZ
0,88,5,2,0.31465251722182547,SZZ
0,89,5,1,0.20805919131186446,SZZ
0,89,5,2,0.6684633477119458,SZZ
0,90,5,1,-0.03083881976328445,SZZ
0,90,5,2,0.7968713749774257,SZZ
0,91,5,1,-0.08171521899351351,SZZ
0,91,5,2,0.8095574764663622,SZZ
0,92,5,1,-0.09369052120710852,SZZ
0,92,5,2,0.8072614580981927,SZZ
0,93,5,1,-0.09420604402541417,SZZ
0,93,5,2,0.8079474635862434,SZZ
0,94,5,1,-0.08712100831341395,SZZ
0,94,5,2,0.8119444955625384,SZZ
0,95,5,1,-0.07560166056683905,SZZ
0,95,5,2,0.817966543738983,SZZ
0,96,5,1,-0.06191914834845808,SZZ
0,96,5,2,0.8231315850593643,SZZ
0,97,5,1,-0.04681054871258621,SZZ
0,97,5,2,0.829222633787814,SZZ
0,98,5,1,-0.03246890481941013,SZZ
0,98,5,2,0.8338066704601524,SZZ
0,99,5,1,-0.018895050200459396,SZZ
0,99,5,2,0.8371366971003983,SZZ
0,100,5,1,-0.006218077616267945,SZZ
0,100,5,2,0.8397617181005921,SZZ
0,101,5,1,0.006477522266446402,SZZ
0,101,5,2,0.8390817126605419,SZZ
0,102,5,1,0.019213538988676098,SZZ
0,102,5,2,0.837525700212427,SZZ
0,103,5,1,0.03247025566991155,SZZ
0,103,5,2,0.8339856718921657,SZZ
0,104,5,1,0.04716596186857148,SZZ
0,104,5,2,0.8297596380838537,SZZ
0,105,5,1,0.061441510597098035,SZZ
0,105,5,2,0.824319594563452,SZZ
0,106,5,1,0.07509374724849002,SZZ
0,106,5,2,0.8175535404349525,SZZ
0,107,5,1,0.08630087034217233,SZZ
0,107,5,2,0.8126845014825931,SZZ
0,108,5,1,0.09235867936646577,SZZ
0,108,5,2,0.8093604748903477,SZZ
0,109,5,1,0.09217081147411435,SZZ
0,109,5,2,0.8083724669862747,SZZ
0,110,5,1,0.08059213889874547,SZZ
0,110,5,2,0.80912047297033,SZZ
0,111,5,1,0.03012851849262108,SZZ
0,111,5,2,0.7965623725054028,SZZ
0,112,5,1,-0.2075906732250088,SZZ
0,112,5,2,0.6693113544960084,SZZ
0,113,5,1,-0.9876856885527667,SZZ
0,113,5,2,0.3163175305419484,SZZ
0,114,5,1,-2.387454142820516,SZZ
0,114,5,2,0.047588380707080054,SZZ
0,115,5,1,-4.1412584629115,SZZ
0,115,5,2,0.0020950167601341088,SZZ
0,116,5,1,-6.1636926612844665,SZZ
0,116,5,2,6.600052800422405e-5,SZZ
0,117,5,1,-8.428917842488598,SZZ
0,117,5,2,0.0,SZZ
0,118,5,1,-10.911595642703919,SZZ
0,118,5,2,0.0,SZZ
0,119,5,1,-13.58509764139097,SZZ
0,119,5,2,0.0,SZZ
0,120,5,1,-16.421677941070286,SZZ
0,120,5,2,0.0,SZZ
0,121,5,1,-0.0005401840458859153,SZZ
0,121,5,2,0.7887713101768277,SZZ
0,122,5,1,-0.0002756082575810098,SZZ
0,122,5,2,0.835493683956277,SZZ
0,123,5,1,4.651585444721946e-5,SZZ
0,123,5,2,0.8421087368767654,SZZ
0,124,5,1,0.0002116023663032628,SZZ
0,124,5,2,0.843079744644837,SZZ
0,125,5,1,0.00016464597528655444,SZZ
0,125,5,2,0.8429247434048256,SZZ
0,126,5,1,0.00017065425538170646,SZZ
0,126,5,2,0.8431117449008394,SZZ
0,127,5,1,0.00017702692041829916,SZZ
0,127,5,2,0.8431767454208442,SZZ
0,128,5,1,-0.00018322240576266587,SZZ
0,128,5,2,0.8430757446128367,SZZ
0,129,5,1,0.00021925982744155494,SZZ
0,129,5,2,0.8436397491248784,SZZ
0,130,5,1,-6.994468728039044e-5,SZZ
0,130,5,2,0.8435757486128737,SZZ
0,131,5,1,0.00012909705376929113,SZZ
0,131,5,2,0.8428737429968218,SZZ
0,132,5,1,7.523838399397842e-5,SZZ
0,132,5,2,0.8431777454288443,SZZ
0,133,5,1,3.18897761079986e-5,SZZ
0,133,5,2,0.842929743444826,SZZ
0,134,5,1,-8.774172848587754e-5,SZZ
0,134,5,2,0.8433577468688576,SZZ
0,135,5,1,0.00024113707490301827,SZZ
0,135,5,2,0.8434907479328674,SZZ
0,136,5,1,0.0002263506942907653,SZZ
0,136,5,2,0.8434237473968624,SZZ
0,137,5,1,0.0002460996359872277,SZZ
0,137,5,2,0.843377747028859,SZZ
0,138,5,1,-1.2929589664968968e-6,SZZ
0,138,5,2,0.8422557380527762,SZZ
0,139,5,1,-1.186262947130113e-5,SZZ
0,139,5,2,0.8435597484848725,SZZ
0,140,5,1,0.00011994097424895894,SZZ
0,140,5,2,0.8441447531649157,SZZ
0,141,5,1,0.00020633382703832775,SZZ
0,141,5,2,0.843201745620846,SZZ
0,142,5,1,0.00025012662837774083,SZZ
0,142,5,2,0.8434397475248636,SZZ
0,143,5,1,-2.316957185950227e-5,SZZ
0,143,5,2,0.8436097488848762,SZZ
0,144,5,1,0.0001264160039485767,SZZ
0,144,5,2,0.8433427467488565,SZZ
0,145,5,1,-0.00010473459419233413,SZZ
0,145,5,2,0.8437677501488878,SZZ
0,146,5,1,-3.354188558141848e-5,SZZ
0,146,5,2,0.8437407499328858,SZZ
0,147,5,1,6.378461521832118e-5,SZZ
0,147,5,2,0.8430107440928319,SZZ
0,148,5,1,5.00394084630393e-5,SZZ
0,148,5,2,0.8433787470368591,SZZ
0,149,5,1,-2.035549174882068e-5,SZZ
0,149,5,2,0.8431837454768447,SZZ
0,150,5,1,4.269467250920888e-5,SZZ
0,150,5,2,0.8428597428848208,SZZ
0,151,5,1,0.0001287914306486569,SZZ
0,151,5,2,0.8427207417728105,SZZ
0,152,5,1,-3.6212725190715805e-5,SZZ
0,152,5,2,0.8436697493648806,SZZ
0,153,5,1,0.0001223086953167661,SZZ
0,153,5,2,0.842510740092795,SZZ
0,154,5,1,-0.00022150492721136124,SZZ
0,154,5,2,0.8438847510848965,SZZ
0,155,5,1,-0.00025242963574472756,SZZ
0,155,5,2,0.8435437483568713,SZZ
0,156,5,1,-5.016892282793145e-5,SZZ
0,156,5,2,0.8433207465728548,SZZ
0,157,5,1,8.909403698792222e-5,SZZ
0,157,5,2,0.8430317442608335,SZZ
0,158,5,1,-1.631084292034432e-5,SZZ
0,158,5,2,0.8423247386047813,SZZ
0,159,5,1,3.106468207454506e-5,SZZ
0,159,5,2,0.8348246786042276,SZZ
0,160,5,1,-9.610805750920041e-5,SZZ
0,160,5,2,0.7896463171768923,SZZ
0,161,5,1,-0.0004982053866355371,SZZ
0,161,5,2,0.7898673189449086,SZZ
0,162,5,1,-0.0003007827636107946,SZZ
0,162,5,2,0.8352286818362574,SZZ
0,163,5,1,-0.0002019838310791081,SZZ
0,163,5,2,0.8415647325247252,SZZ
0,164,5,1,-0.00018355979451628064,SZZ
0,164,5,2,0.8429797438448297,SZZ
0,165,5,1,0.00022615933096642777,SZZ
0,165,5,2,0.843403747236861,SZZ
0,166,5,1,-0.00014247984719026192,SZZ
0,166,5,2,0.8428297426448186,SZZ
0,167,5,1,0.00012828090067372493,SZZ
0,167,5,2,0.8432877463088524,SZZ
0,168,5,1,-0.00011455066704058151,SZZ
0,168,5,2,0.8436957495728825,SZZ
0,169,5,1,0.00022159868031035974,SZZ
0,169,5,2,0.8436417491408785,SZZ
0,170,5,1,5.5296693593547885e-5,SZZ
0,170,5,2,0.8432397459248488,SZZ
0,171,5,1,-7.978072258402687e-5,SZZ
0,171,5,2,0.8429407435328268,SZZ
0,172,5,1,-0.00010523585985592126,SZZ
0,172,5,2,0.8432197457648474,SZZ
0,173,5,1,-3.295439413468721e-5,SZZ
0,173,5,2,0.8440057520529054,SZZ
0,174,5,1,0.00014723463626628957,SZZ
0,174,5,2,0.8432487459968495,SZZ
0,175,5,1,-0.0004233352884459382,SZZ
0,175,5,2,0.8432857462928522,SZZ
0,176,5,1,4.731478197743531e-5,SZZ
0,176,5,2,0.8440237521969067,SZZ
0,177,5,1,4.577442964279335e-6,SZZ
0,177,5,2,0.8433027464288535,SZZ
0,178,5,1,0.00048245796853639236,SZZ
0,178,5,2,0.8433157465328545,SZZ
0,179,5,1,3.6653047718568954e-5,SZZ
0,179,5,2,0.8433427467488565,SZZ
0,180,5,1,-4.012013240838223e-5,SZZ
0,180,5,2,0.8428127425088173,SZZ
0,181,5,1,-3.835370164707755e-5,SZZ
0,181,5,2,0.8434747478048662,SZZ
0,182,5,1,-0.00013640656938178979,SZZ
0,182,5,2,0.8429607436928283,SZZ
0,183,5,1,7.92859353421339e-5,SZZ
0,183,5,2,0.8432377459088487,SZZ
0,184,5,1,-2.52438556968614e-5,SZZ
0,184,5,2,0.8431547452448426,SZZ
0,185,5,1,8.810393287529251e-5,SZZ
0,185,5,2,0.8428877431088229,SZZ
0,186,5,1,0.00012644319513765667,SZZ
0,186,5,2,0.8432657461328508,SZZ
0,187,5,1,0.0004099283595414074,SZZ
0,187,5,2,0.8434897479248673,SZZ
0,188,5,1,9.589076825564677e-5,SZZ
0,188,5,2,0.8430547444448352,SZZ
0,189,5,1,-0.00018177521323317324,SZZ
0,189,5,2,0.8431287450368407,SZZ
0,190,5,1,6.395901779848297e-5,SZZ
0,190,5,2,0.8424927399487937,SZZ
0,191,5,1,-0.00022056942766702893,SZZ
0,191,5,2,0.8435637485168728,SZZ
0,192,5,1,-0.0003251458876923948,SZZ
0,192,5,2,0.843620748972877,SZZ
0,193,5,1,3.072680348126037e-5,SZZ
0,193,5,2,0.8433357466928559,SZZ
0,194,5,1,6.183310419640408e-5,SZZ
0,194,5,2,0.8442507540129235,SZZ
0,195,5,1,0.00010868221298938102,SZZ
0,195,5,2,0.8431217449808401,SZZ
0,196,5,1,0.00012245226016910485,SZZ
0,196,5,2,0.8434947479648677,SZZ
0,197,5,1,0.00012157950946449466,SZZ
0,197,5,2,0.8426817414608077,SZZ
0,198,5,1,-0.00020390104223825593,SZZ
0,198,5,2,0.8417407339327382,SZZ
0,199,5,1,0.00011508524197645667,SZZ
0,199,5,2,0.8347916783402252,SZZ
0,200,5,1,0.0006003045664138356,SZZ
0,200,5,2,0.7891843134808582,SZZ
0,1,7,1,0.0003016871511710895,SZZ
0,1,7,2,0.8444027552289347,SZZ
0,2,7,1,0.00014725520907808452,SZZ
0,2,7,2,0.8808190465596232,SZZ
0,3,7,1,8.949918720745046e-5,SZZ
0,3,7,2,0.8850360802959345,SZZ
0,4,7,1,-0.0002225921660836366,SZZ
0,4,7,2,0.8852140817199476,SZZ
0,5,7,1,-6.086663448080883e-5,SZZ
0,5,7,2,0.8855130841119697,SZZ
0,6,7,1,-0.00013686332745734635,SZZ
0,6,7,2,0.8858110864959917,SZZ
0,7,7,1,8.205451551297956e-5,SZZ
0,7,7,2,0.8858990871999982,SZZ
0,8,7,1,-0.00012640815425945054,SZZ
0,8,7,2,0.8856400851279791,SZZ
0,9,7,1,-0.00012470355475303305,SZZ
0,9,7,2,0.8852790822399524,SZZ
0,10,7,1,-0.00012224911527259128,SZZ
0,10,7,2,0.8855830846719749,SZZ
0,11,7,1,-1.8095494244714568e-5,SZZ
0,11,7,2,0.8852840822799528,SZZ
0,12,7,1,5.826595095851295e-5,SZZ
0,12,7,2,0.8854560836559655,SZZ
0,13,7,1,-8.395136855074482e-5,SZZ
0,13,7,2,0.886167089344018,SZZ
0,14,7,1,-0.00016825548134054855,SZZ
0,14,7,2,0.8851000808079392,SZZ
0,15,7,1,-5.856429861408641e-5,SZZ
0,15,7,2,0.885585084687975,SZZ
0,16,7,1,7.0834941930447e-5,SZZ
0,16,7,2,0.8860130881120066,SZZ
0,17,7,1,0.00020338709880335243,SZZ
0,17,7,2,0.8852910823359533,SZZ
0,18,7,1,-9.326734574391958e-5,SZZ
0,18,7,2,0.8859730877920037,SZZ
0,19,7,1,2.2353013766398243e-5,SZZ
0,19,7,2,0.8858460867759943,SZZ
0,20,7,1,2.803260394243327e-5,SZZ
0,20,7,2,0.8857980863919908,SZZ
0,21,7,1,-0.0003500492813470499,SZZ
0,21,7,2,0.8857240857999853,SZZ
0,22,7,1,0.00027306503632194693,SZZ
0,22,7,2,0.8859520876240021,SZZ
0,23,7,1,0.00010170830729438163,SZZ
0,23,7,2,0.8858030864319911,SZZ
0,24,7,1,1.878739885992027e-5,SZZ
0,24,7,2,0.8854570836639656,SZZ
0,25,7,1,-4.370431731777605e-5,SZZ
0,25,7,2,0.8856130849119771,SZZ
0,26,7,1,-5.639296279781203e-5,SZZ
0,26,7,2,0.8851230809919409,SZZ
0,27,7,1,-0.00018303404671859676,SZZ
0,27,7,2,0.8859450875680016,SZZ
0,28,7,1,0.0001684180684076346,SZZ
0,28,7,2,0.8855690845599739,SZZ
0,29,7,1,-0.00013397266445361084,SZZ
0,29,7,2,0.8854210833759629,SZZ
0,30,7,1,8.876165100603516e-5,SZZ
0,30,7,2,0.8859450875680016,SZZ
0,31,7,1,1.0604630061526068e-5,SZZ
0,31,7,2,0.8857390859199864,SZZ
0,32,7,1,5.114521992230982e-5,SZZ
0,32,7,2,0.885571084575974,SZZ
0,33,7,1,5.023250810465871e-6,SZZ
0,33,7,2,0.8857130857119845,SZZ
0,34,7,1,0.00010072909769317503,SZZ
0,34,7,2,0.8859800878480042,SZZ
0,35,7,1,0.00013314914917896396,SZZ
0,35,7,2,0.8852160817359478,SZZ
0,36,7,1,9.776217253967001e-6,SZZ
0,36,7,2,0.8853020824239541,SZZ
0,37,7,1,-5.8256158479483266e-5,SZZ
0,37,7,2,0.8848480787919206,SZZ
0,38,7,1,9.743175120119192e-5,SZZ
0,38,7,2,0.8858970871839981,SZZ
0,39,7,1,0.00019701833401643775,SZZ
0,39,7,2,0.880979047839635,SZZ
0,40,7,1,0.0002965630201027025,SZZ
0,40,7,2,0.8447777582289624,SZZ
0,41,7,1,0.0002032388893554344,SZZ
0,41,7,2,0.8442347538849223,SZZ
0,42,7,1,-5.5649196444417525e-5,SZZ
0,42,7,2,0.8809910479356359,SZZ
0,43,7,1,0.0002034013205116951,SZZ
0,43,7,2,0.8846610772959068,SZZ
0,44,7,1,-5.665400037190245e-5,SZZ
0,44,7,2,0.8857800862479894,SZZ
0,45,7,1,4.785313564985625e-5,SZZ
0,45,7,2,0.8861880895120196,SZZ
0,46,7,1,0.00025181422017672803,SZZ
0,46,7,2,0.8856750854079817,SZZ
0,47,7,1,-0.00026505857184268045,SZZ
0,47,7,2,0.885666085335981,SZZ
0,48,7,1,-0.0001268499543111225,SZZ
0,48,7,2,0.8857110856959843,SZZ
0,49,7,1,3.571576708992976e-5,SZZ
0,49,7,2,0.8853390827199569,SZZ
0,50,7,1,0.00018651530355037036,SZZ
0,50,7,2,0.8859380875120011,SZZ
0,51,7,1,0.00012775761173436105,SZZ
0,51,7,2,0.8857840862799897,SZZ
0,52,7,1,-8.312536230299438e-5,SZZ
0,52,7,2,0.8856180849519775,SZZ
0,53,7,1,4.886399509062958e-5,SZZ
0,53,7,2,0.885531084255971,SZZ
0,54,7,1,0.00013223232736624094,SZZ
0,54,7,2,0.885544084359972,SZZ
0,55,7,1,-4.152656598565625e-5,SZZ
0,55,7,2,0.8852000816079466,SZZ
0,56,7,1,0.00010147503377757685,SZZ
0,56,7,2,0.8853150825279551,SZZ
0,57,7,1,0.0001339432751137009,SZZ
0,57,7,2,0.8853740829999595,SZZ
0,58,7,1,2.184424132575226e-6,SZZ
0,58,7,2,0.8852530820319505,SZZ
0,59,7,1,4.0015520184463804e-5,SZZ
0,59,7,2,0.8855560844559729,SZZ
0,60,7,1,-0.0002655927522509199,SZZ
0,60,7,2,0.8859280874320004,SZZ
0,61,7,1,-5.248764162728057e-5,SZZ
0,61,7,2,0.8856060848559766,SZZ
0,62,7,1,-1.8550452083458404e-5,SZZ
0,62,7,2,0.8854060832559618,SZZ
0,63,7,1,0.0001455654002969467,SZZ
0,63,7,2,0.8853350826879566,SZZ
0,64,7,1,0.000233449989774284,SZZ
0,64,7,2,0.885409083279962,SZZ
0,65,7,1,-2.8478399797911957e-5,SZZ
0,65,7,2,0.8857480859919871,SZZ
0,66,7,1,-8.901197545303476e-6,SZZ
0,66,7,2,0.8861390891200159,SZZ
0,67,7,1,0.00012793343672280028,SZZ
0,67,7,2,0.8857890863199901,SZZ
0,68,7,1,-0.00017393036015609924,SZZ
0,68,7,2,0.8856060848559766,SZZ
0,69,7,1,3.650501505019856e-5,SZZ
0,69,7,2,0.8859950879680053,SZZ
0,70,7,1,-0.0001649586839939434,SZZ
0,70,7,2,0.8855020840239689,SZZ
0,71,7,1,-0.00012237335434536967,SZZ
0,71,7,2,0.8854100832879621,SZZ
0,72,7,1,-3.141399066373802e-5,SZZ
0,72,7,2,0.8850180801519332,SZZ
0,73,7,1,0.00011692870069883281,SZZ
0,73,7,2,0.8855640845199735,SZZ
0,74,7,1,0.00017335865833704067,SZZ
0,74,7,2,0.886072088584011,SZZ
0,75,7,1,-4.596580932419876e-5,SZZ
0,75,7,2,0.8857500860079872,SZZ
0,76,7,1,-0.0002526837896433922,SZZ
0,76,7,2,0.8858170865439922,SZZ
0,77,7,1,5.9670752252716454e-5,SZZ
0,77,7,2,0.8855820846639748,SZZ
0,78,7,1,9.57382341856581e-5,SZZ
0,78,7,2,0.8845120761038958,SZZ
0,79,7,1,-0.0002561904104123771,SZZ
0,79,7,2,0.8808340466796243,SZZ
0,80,7,1,-0.00014131259981211555,SZZ
0,80,7,2,0.8445087560769425,SZZ
0,81,7,1,0.00013321809707638298,SZZ
0,81,7,2,0.8442327538689222,SZZ
0,82,7,1,0.00010829724455351378,SZZ
0,82,7,2,0.8803240425995866,SZZ
0,83,7,1,4.4552493406522206e-5,SZZ
0,83,7,2,0.8846540772399063,SZZ
0,84,7,1,-0.00025858686031309414,SZZ
0,84,7,2,0.8857750862079891,SZZ
0,85,7,1,0.00018101986194561225,SZZ
0,85,7,2,0.885571084575974,SZZ
0,86,7,1,-4.358133419628072e-5,SZZ
0,86,7,2,0.885855086847995,SZZ
0,87,7,1,0.00027021055626875936,SZZ
0,87,7,2,0.8860790886400115,SZZ
0,88,7,1,0.00016044367787657963,SZZ
0,88,7,2,0.8854000832079614,SZZ
0,89,7,1,3.549682262591324e-5,SZZ
0,89,7,2,0.8858890871199975,SZZ
0,90,7,1,-0.00011559388133331926,SZZ
0,90,7,2,0.885937087504001,SZZ
0,91,7,1,-3.9197917856503446e-5,SZZ
0,91,7,2,0.885530084247971,SZZ
0,92,7,1,-0.0001586801261054248,SZZ
0,92,7,2,0.8854990839999687,SZZ
0,93,7,1,-6.508415764800941e-5,SZZ
0,93,7,2,0.8848500788079208,SZZ
0,94,7,1,-0.0001610539190499171,SZZ
0,94,7,2,0.8852800822479525,SZZ
0,95,7,1,0.00020143208137267377,SZZ
0,95,7,2,0.8859020872239984,SZZ
0,96,7,1,-3.836539538321218e-5,SZZ
0,96,7,2,0.8856440851599794,SZZ
0,97,7,1,0.0001814488525343144,SZZ
0,97,7,2,0.8854480835919649,SZZ
0,98,7,1,8.387326724851881e-5,SZZ
0,98,7,2,0.8857260858159854,SZZ
0,99,7,1,0.00010252402168539055,SZZ
0,99,7,2,0.8851260810159411,SZZ
0,100,7,1,7.965397687990068e-5,SZZ
0,100,7,2,0.8856290850399783,SZZ
0,101,7,1,-3.423234816528725e-5,SZZ
0,101,7,2,0.8859240874000001,SZZ
0,102,7,1,-0.00025459042927667336,SZZ
0,102,7,2,0.8856960855759832,SZZ
0,103,7,1,-2.1797039156320293e-6,SZZ
0,103,7,2,0.8858130865119919,SZZ
0,104,7,1,1.2898531225871598e-5,SZZ
0,104,7,2,0.885314082519955,SZZ
0,105,7,1,-0.00012458845922196026,SZZ
0,105,7,2,0.8858250866079928,SZZ
0,106,7,1,5.370604742202711e-5,SZZ
0,106,7,2,0.8856420851439792,SZZ
0,107,7,1,0.00011213314959248264,SZZ
0,107,7,2,0.8860060880560061,SZZ
0,108,7,1,0.0002458565533961291,SZZ
0,108,7,2,0.8856700853679813,SZZ
0,109,7,1,0.00016697215939951305,SZZ
0,109,7,2,0.8854960839759685,SZZ
0,110,7,1,-1.0268868437367417e-5,SZZ
0,110,7,2,0.8851580812719435,SZZ
0,111,7,1,0.00011589929786122865,SZZ
0,111,7,2,0.886004088040006,SZZ
0,112,7,1,8.792240520002412e-5,SZZ
0,112,7,2,0.8858230865919926,SZZ
0,113,7,1,0.00016276342770626977,SZZ
0,113,7,2,0.8855720845839741,SZZ
0,114,7,1,-5.614866152653221e-5,SZZ
0,114,7,2,0.8855590844799731,SZZ
0,115,7,1,0.0001481171806223813,SZZ
0,115,7,2,0.8853310826559563,SZZ
0,116,7,1,6.18509995788656e-5,SZZ
0,116,7,2,0.8851940815599462,SZZ
0,117,7,1,0.00019526901615990938,SZZ
0,117,7,2,0.8854030832319616,SZZ
0,118,7,1,-0.00015694497985881305,SZZ
0,118,7,2,0.8849280794319265,SZZ
0,119,7,1,-0.0001249002501749974,SZZ
0,119,7,2,0.8812430499516545,SZZ
0,120,7,1,-0.0003331315985269339,SZZ
0,120,7,2,0.8445007560129419,SZZ
0,121,7,1,16.22994400383538,SZZ
0,121,7,2,0.0,SZZ
0,122,7,1,13.393095421140034,SZZ
0,122,7,2,0.0,SZZ
0,123,7,1,10.715538934834827,SZZ
0,123,7,2,0.0,SZZ
0,124,7,1,8.227733243820829,SZZ
0,124,7,2,2.000016000128001e-6,SZZ
0,125,7,1,5.95493096273595,SZZ
0,125,7,2,3.900031200249603e-5,SZZ
0,126,7,1,3.922719883332593,SZZ
0,126,7,2,0.0028140225121800182,SZZ
0,127,7,1,2.158214945558533,SZZ
0,127,7,2,0.07846862774903474,SZZ
0,128,7,1,0.7969841602945807,SZZ
0,128,7,2,0.42533540268599673,SZZ
0,129,7,1,0.14354515373845392,SZZ
0,129,7,2,0.766467131743181,SZZ
0,130,7,1,-0.009391394945578661,SZZ
0,130,7,2,0.8615608924942014,SZZ
0,131,7,1,-0.031201105469721904,SZZ
0,131,7,2,0.8693719549827781,SZZ
0,132,7,1,-0.033851608738757595,SZZ
0,132,7,2,0.8689829518707494,SZZ
0,133,7,1,-0.032449397002134776,SZZ
0,133,7,2,0.8702639621188439,SZZ
0,134,7,1,-0.02918050468024534,SZZ
0,134,7,2,0.8721269770229815,SZZ
0,135,7,1,-0.025072434925064568,SZZ
0,135,7,2,0.8747869983031779,SZZ
0,136,7,1,-0.020342606237513158,SZZ
0,136,7,2,0.8789330314714839,SZZ
0,137,7,1,-0.015533565828461424,SZZ
0,137,7,2,0.8809430475516323,SZZ
0,138,7,1,-0.010951669540658142,SZZ
0,138,7,2,0.883431067455816,SZZ
0,139,7,1,-0.006488156464042745,SZZ
0,139,7,2,0.8844300754478898,SZZ
0,140,7,1,-0.002216634854022476,SZZ
0,140,7,2,0.8853320826639564,SZZ
0,141,7,1,0.002299849373747172,SZZ
0,141,7,2,0.8849640797199292,SZZ
0,142,7,1,0.006972071892936881,SZZ
0,142,7,2,0.884271074175878,SZZ
0,143,7,1,0.011879765356013285,SZZ
0,143,7,2,0.882456059655744,SZZ
0,144,7,1,0.017186721940996387,SZZ
0,144,7,2,0.8807010456156145,SZZ
0,145,7,1,0.0220205657023444,SZZ
0,145,7,2,0.8779780238314134,SZZ
0,146,7,1,0.027244823094821312,SZZ
0,146,7,2,0.8749149993271873,SZZ
0,147,7,1,0.03150015163965905,SZZ
0,147,7,2,0.8720499764069758,SZZ
0,148,7,1,0.03471242898913488,SZZ
0,148,7,2,0.8698439587588129,SZZ
0,149,7,1,0.03620790498175107,SZZ
0,149,7,2,0.8685939487587206,SZZ
0,150,7,1,0.03331624330468691,SZZ
0,150,7,2,0.8688869511027423,SZZ
0,151,7,1,0.0115554219600087,SZZ
0,151,7,2,0.8615498924062006,SZZ
0,152,7,1,-0.14119200848460942,SZZ
0,152,7,2,0.766845134767209,SZZ
0,153,7,1,-0.7957773021277154,SZZ
0,153,7,2,0.42405939247790253,SZZ
0,154,7,1,-2.1569308485329564,SZZ
0,154,7,2,0.0786816294530475,SZZ
0,155,7,1,-3.921968325313221,SZZ
0,155,7,2,0.003051024408195151,SZZ
0,156,7,1,-5.955420555675283,SZZ
0,156,7,2,3.4000272002176025e-5,SZZ
0,157,7,1,-8.2295550700571,SZZ
0,157,7,2,8.000064000512006e-6,SZZ
0,158,7,1,-10.718054658654552,SZZ
0,158,7,2,7.000056000448005e-6,SZZ
0,159,7,1,-13.393777971964385,SZZ
0,159,7,2,0.0,SZZ
0,160,7,1,-16.231089393304064,SZZ
0,160,7,2,0.0,SZZ
0,161,7,1,0.0004168989646364036,SZZ
0,161,7,2,0.8446897575249559,SZZ
0,162,7,1,0.00011615810775035007,SZZ
0,162,7,2,0.8806930455516139,SZZ
0,163,7,1,-4.400547547631164e-5,SZZ
0,163,7,2,0.8850750806079374,SZZ
0,164,7,1,-6.972967319476108e-6,SZZ
0,164,7,2,0.8851500812079429,SZZ
0,165,7,1,9.260400506926194e-5,SZZ
0,165,7,2,0.8858200865679924,SZZ
0,166,7,1,0.0003191644884193725,SZZ
0,166,7,2,0.8857040856399838,SZZ
0,167,7,1,0.00010510668918354329,SZZ
0,167,7,2,0.8857110856959843,SZZ
0,168,7,1,-4.446981455863772e-5,SZZ
0,168,7,2,0.8861680893520181,SZZ
0,169,7,1,-0.00015351890947957393,SZZ
0,169,7,2,0.8855140841199698,SZZ
0,170,7,1,-5.72225493344768e-5,SZZ
0,170,7,2,0.8851270810239412,SZZ
0,171,7,1,-1.7734171395173858e-5,SZZ
0,171,7,2,0.8858340866799934,SZZ
0,172,7,1,-0.00015292599143782102,SZZ
0,172,7,2,0.8855790846399746,SZZ
0,173,7,1,1.1253877992864707e-5,SZZ
0,173,7,2,0.885313082511955,SZZ
0,174,7,1,0.0001936060528553715,SZZ
0,174,7,2,0.8849320794639268,SZZ
0,175,7,1,-2.671623906717498e-5,SZZ
0,175,7,2,0.8851620813039438,SZZ
0,176,7,1,5.446668131427479e-5,SZZ
0,176,7,2,0.8854190833599628,SZZ
0,177,7,1,1.087148917622415e-5,SZZ
0,177,7,2,0.8857690861599886,SZZ
0,178,7,1,-7.957131545605067e-5,SZZ
0,178,7,2,0.8845930767519018,SZZ
0,179,7,1,-0.00013559299032351812,SZZ
0,179,7,2,0.8858310866559932,SZZ
0,180,7,1,0.00019975472178389254,SZZ
0,180,7,2,0.8853800830479599,SZZ
0,181,7,1,-0.00011604097249873931,SZZ
0,181,7,2,0.8857810862559895,SZZ
0,182,7,1,1.5543849526452897e-5,SZZ
0,182,7,2,0.8857460859759869,SZZ
0,183,7,1,8.456774928231193e-5,SZZ
0,183,7,2,0.8858930871519978,SZZ
0,184,7,1,-6.542654624458962e-5,SZZ
0,184,7,2,0.8855770846239744,SZZ
0,185,7,1,0.00011684262811817721,SZZ
0,185,7,2,0.8850750806079374,SZZ
0,186,7,1,-7.643857870625368e-5,SZZ
0,186,7,2,0.8855120841039696,SZZ
0,187,7,1,-0.00017748832955171847,SZZ
0,187,7,2,0.8857760862159891,SZZ
0,188,7,1,7.064097833126852e-5,SZZ
0,188,7,2,0.8855990847999761,SZZ
0,189,7,1,-7.102081141734226e-5,SZZ
0,189,7,2,0.8861450891680164,SZZ
0,190,7,1,-0.0002402358708467796,SZZ
0,190,7,2,0.8852810822559526,SZZ
0,191,7,1,-0.00018094688261016564,SZZ
0,191,7,2,0.8854060832559618,SZZ
0,192,7,1,-5.26423909165701e-5,SZZ
0,192,7,2,0.8856280850319782,SZZ
0,193,7,1,-5.5385781988669964e-5,SZZ
0,193,7,2,0.8850440803599351,SZZ
0,194,7,1,-0.00019111581290389,SZZ
0,194,7,2,0.8856560852559803,SZZ
0,195,7,1,-0.00013525993139386176,SZZ
0,195,7,2,0.8856100848879769,SZZ
0,196,7,1,4.503644376517338e-5,SZZ
0,196,7,2,0.8856670853439811,SZZ
0,197,7,1,0.0005360934250133138,SZZ
0,197,7,2,0.8855100840879695,SZZ
0,198,7,1,-0.00016992492344704448,SZZ
0,198,7,2,0.8849160793359256,SZZ
0,199,7,1,-3.29063951705891e-5,SZZ
0,199,7,2,0.8809740477996346,SZZ
0,200,7,1,-0.0001929379282929432,SZZ
0,200,7,2,0.8446307570529515,SZZ
0,201,7,1,0.00020573405942455702,SZZ
0,201,7,2,0.8443707549729323,SZZ
0,202,7,1,-0.00019705203391833564,SZZ
0,202,7,2,0.880559044479604,SZZ
0,203,7,1,-0.00018475726749176641,SZZ
0,203,7,2,0.8850790806399377,SZZ
0,204,7,1,3.762682640136505e-5,SZZ
0,204,7,2,0.8860570884640099,SZZ
0,205,7,1,-0.0002441639606910863,SZZ
0,205,7,2,0.8856200849679776,SZZ
0,206,7,1,-0.00031457310269570086,SZZ
0,206,7,2,0.8858270866239929,SZZ
0,207,7,1,-2.6669876026381435e-5,SZZ
0,207,7,2,0.8851810814559452,SZZ
0,208,7,1,-0.0002667451868563976,SZZ
0,208,7,2,0.8854340834799639,SZZ
0,209,7,1,-3.0118885033912343e-5,SZZ
0,209,7,2,0.8860460883760091,SZZ
0,210,7,1,-1.5844965789386578e-5,SZZ
0,210,7,2,0.8857420859439866,SZZ
0,211,7,1,2.6352715479109e-5,SZZ
0,211,7,2,0.8852640821199513,SZZ
0,212,7,1,-4.024466838305107e-5,SZZ
0,212,7,2,0.8859470875840018,SZZ
0,213,7,1,1.708198991808757e-5,SZZ
0,213,7,2,0.8858530868319948,SZZ
0,214,7,1,-0.0001554960278540071,SZZ
0,214,7,2,0.8857180857519849,SZZ
0,215,7,1,-0.0001061454624128712,SZZ
0,215,7,2,0.8858190865599923,SZZ
0,216,7,1,0.0001410623258174382,SZZ
0,216,7,2,0.8855650845279736,SZZ
0,217,7,1,-0.00014848091507285426,SZZ
0,217,7,2,0.885489083919968,SZZ
0,218,7,1,1.2846670033635334e-6,SZZ
0,218,7,2,0.8858930871519978,SZZ
0,219,7,1,6.744663328714265e-5,SZZ
0,219,7,2,0.8857460859759869,SZZ
0,220,7,1,3.8293392636251976e-5,SZZ
0,220,7,2,0.8850680805519369,SZZ
0,221,7,1,3.47540219790084e-5,SZZ
0,221,7,2,0.8854830838719675,SZZ
0,222,7,1,6.630260492929211e-5,SZZ
0,222,7,2,0.8859950879680053,SZZ
0,223,7,1,6.196768929424073e-5,SZZ
0,223,7,2,0.8854380835119642,SZZ
0,224,7,1,8.80000642083139e-5,SZZ
0,224,7,2,0.8854960839759685,SZZ
0,225,7,1,-6.646256608684465e-5,SZZ
0,225,7,2,0.8859150873279994,SZZ
0,226,7,1,-0.00011630001083100487,SZZ
0,226,7,2,0.8853720829839593,SZZ
0,227,7,1,-0.0002982446218781286,SZZ
0,227,7,2,0.8853390827199569,SZZ
0,228,7,1,0.00023638774749704707,SZZ
0,228,7,2,0.8851790814399451,SZZ
0,229,7,1,0.00012805944489453834,SZZ
0,229,7,2,0.885544084359972,SZZ
0,230,7,1,1.4489756729055538e-5,SZZ
0,230,7,2,0.8856150849279772,SZZ
0,231,7,1,-8.161197333698663e-5,SZZ
0,231,7,2,0.8854450835679647,SZZ
0,232,7,1,0.00020831054950699626,SZZ
0,232,7,2,0.8853330826719564,SZZ
0,233,7,1,-5.9853362622836284e-5,SZZ
0,233,7,2,0.885951087616002,SZZ
0,234,7,1,-1.597446614202476e-5,SZZ
0,234,7,2,0.8852640821199513,SZZ
0,235,7,1,2.5540186725828358e-5,SZZ
0,235,7,2,0.8858790870399967,SZZ
0,236,7,1,-0.00020922127199657952,SZZ
0,236,7,2,0.8855700845679739,SZZ
0,237,7,1,-0.0002641364262821098,SZZ
0,237,7,2,0.8859540876400023,SZZ
0,238,7,1,7.988815206934081e-5,SZZ
0,238,7,2,0.8848070784639176,SZZ
0,239,7,1,-0.0001269909576265626,SZZ
0,239,7,2,0.8807060456556148,SZZ
0,240,7,1,-0.0001646448581354967,SZZ
0,240,7,2,0.8442797542449256,SZZ
0,241,7,1,-0.00020756629465204857,SZZ
0,241,7,2,0.8445577564689462,SZZ
0,242,7,1,-4.849408129255066e-5,SZZ
0,242,7,2,0.8805370443036024,SZZ
0,243,7,1,-0.00016112832116107066,SZZ
0,243,7,2,0.8850010800159319,SZZ
0,244,7,1,-6.412352068425354e-5,SZZ
0,244,7,2,0.8853590828799583,SZZ
0,245,7,1,4.358417665568314e-5,SZZ
0,245,7,2,0.8852520820239504,SZZ
0,246,7,1,8.59786047606573e-5,SZZ
0,246,7,2,0.8854650837279662,SZZ
0,247,7,1,1.1706760850447673e-5,SZZ
0,247,7,2,0.8855380843119716,SZZ
0,248,7,1,8.199891309407918e-5,SZZ
0,248,7,2,0.8856720853839815,SZZ
0,249,7,1,-0.00016743950982138893,SZZ
0,249,7,2,0.8859490876000019,SZZ
0,250,7,1,-7.788022539429941e-5,SZZ
0,250,7,2,0.8856560852559803,SZZ
0,251,7,1,-9.410916890934803e-5,SZZ
0,251,7,2,0.8854820838639674,SZZ
0,252,7,1,-0.00011511031297527292,SZZ
0,252,7,2,0.8855520844239726,SZZ
0,253,7,1,-0.0002253752444315202,SZZ
0,253,7,2,0.8860240882000074,SZZ
0,254,7,1,0.0002645341049520821,SZZ
0,254,7,2,0.8851340810799417,SZZ
0,255,7,1,-0.0001270849019534851,SZZ
0,255,7,2,0.8852300818479488,SZZ
0,256,7,1,0.00022735204144745013,SZZ
0,256,7,2,0.8855210841759703,SZZ
0,257,7,1,9.023574419679934e-6,SZZ
0,257,7,2,0.8855610844959733,SZZ
0,258,7,1,-8.209647701581293e-5,SZZ
0,258,7,2,0.8857250858079854,SZZ
0,259,7,1,7.305659142255794e-5,SZZ
0,259,7,2,0.8857500860079872,SZZ
0,260,7,1,0.0001805175291819423,SZZ
0,260,7,2,0.8856970855839833,SZZ
0,261,7,1,-0.00017507026831666044,SZZ
0,261,7,2,0.8851250810079411,SZZ
0,262,7,1,-0.0001966163285863348,SZZ
0,262,7,2,0.8853800830479599,SZZ
0,263,7,1,-0.000187015721848795,SZZ
0,263,7,2,0.885639085119979,SZZ
0,264,7,1,0.00012835827676072056,SZZ
0,264,7,2,0.8858890871199975,SZZ
0,265,7,1,5.498006330856031e-5,SZZ
0,265,7,2,0.8855620845039733,SZZ
0,266,7,1,0.0002238206315427996,SZZ
0,266,7,2,0.8849650797279293,SZZ
0,267,7,1,6.228425389194043e-5,SZZ
0,267,7,2,0.8849040792399248,SZZ
0,268,7,1,5.7038620130933365e-5,SZZ
0,268,7,2,0.8856880855119826,SZZ
0,269,7,1,-0.00010066551758323856,SZZ
0,269,7,2,0.8856510852159799,SZZ
0,270,7,1,0.00014225886636452545,SZZ
0,270,7,2,0.8856330850719786,SZZ
0,271,7,1,4.9050365445923244e-5,SZZ
0,271,7,2,0.8848850790879234,SZZ
0,272,7,1,5.180448965923451e-5,SZZ
0,272,7,2,0.8856430851519793,SZZ
0,273,7,1,0.0002949677533288044,SZZ
0,273,7,2,0.8851710813759445,SZZ
0,274,7,1,-7.519731757938799e-5,SZZ
0,274,7,2,0.8856280850319782,SZZ
0,275,7,1,6.80753882113252e-5,SZZ
0,275,7,2,0.8857290858399857,SZZ
0,276,7,1,8.636490672781421e-5,SZZ
0,276,7,2,0.8854470835839648,SZZ
0,277,7,1,-0.0001318412983846842,SZZ
0,277,7,2,0.885340082727957,SZZ
0,278,7,1,0.00010436443310192176,SZZ
0,278,7,2,0.8846730773919077,SZZ
0,279,7,1,-0.0002755723694608955,SZZ
0,279,7,2,0.8814620517036706,SZZ
0,280,7,1,-0.00035208400514374737,SZZ
0,280,7,2,0.8441587532769167,SZZ
